{
  "train_loss": [
    4.99121474199754,
    3.5800202492086646,
    2.6258561317933435,
    2.101050678421469,
    1.7995127719991348,
    1.6102928375815326,
    1.4909083996227082,
    1.4212909981528705,
    1.347579779471943,
    1.3074657547282662,
    1.2528636736028336,
    1.2399162034937405,
    1.2013358795706601,
    1.1740707401285835,
    1.163074875579161,
    1.1375666196971017,
    1.1314262945384266,
    1.0973716601330967,
    1.0961644311639713,
    1.0968296037000769,
    1.0815953848196223,
    1.0698352832207705,
    1.0625362204995386,
    1.0641169908212469,
    1.0582128135278264,
    1.0555531248689336,
    1.0520659398267613,
    1.0497747850928076,
    1.0494478673220955,
    1.051204923321219
  ],
  "train_acc": [
    0.056818181818181816,
    0.347927807486631,
    0.5775401069518716,
    0.6888368983957219,
    0.758355614973262,
    0.8093248663101604,
    0.8407419786096256,
    0.8604612299465241,
    0.8828542780748663,
    0.8955548128342246,
    0.9107620320855615,
    0.9184491978609626,
    0.9301470588235294,
    0.9356617647058824,
    0.9401737967914439,
    0.9461898395721925,
    0.9515374331550802,
    0.9610628342245989,
    0.9600601604278075,
    0.9577205882352942,
    0.9649064171122995,
    0.9675802139037433,
    0.9709224598930482,
    0.9702540106951871,
    0.9697526737967914,
    0.9722593582887701,
    0.9725935828877005,
    0.9722593582887701,
    0.9715909090909091,
    0.972927807486631
  ],
  "val_loss": [
    3.9284888204637465,
    2.6315071006397623,
    1.9708860853871146,
    1.6839893113125812,
    1.5501566522724026,
    1.4866925504181412,
    1.4479914576142698,
    1.4329117631519235,
    1.4177895735253345,
    1.4122010672485434,
    1.406544797040604,
    1.4109696166200951,
    1.4000506423986876,
    1.3894978021527384,
    1.3929098395855872,
    1.4079508237786345,
    1.3964777077947343,
    1.392878620179145,
    1.4011859893798828,
    1.4052118501820408,
    1.3890820351930766,
    1.3870091631517305,
    1.3881744077572455,
    1.3899901797483256,
    1.3816021199409778,
    1.380384244434126,
    1.3815586200127234,
    1.3834805694910197,
    1.3781838698701545,
    1.3880301045847463
  ],
  "val_acc": [
    0.34725578184328615,
    0.6356575768035899,
    0.7440455643769417,
    0.799275112185019,
    0.8063513979979289,
    0.820676561960649,
    0.8253365550569555,
    0.8351743182602692,
    0.834311356575768,
    0.8372454263030722,
    0.8432861580945806,
    0.8391439420089748,
    0.8396617190196756,
    0.8512254055919917,
    0.8517431826026924,
    0.8448394891266828,
    0.8512254055919917,
    0.8543320676561961,
    0.8522609596133932,
    0.855022437003797,
    0.8539868829823956,
    0.8565757680358992,
    0.855712806351398,
    0.8560579910251985,
    0.8579565067311011,
    0.8565757680358992,
    0.8586468760787022,
    0.8560579910251985,
    0.8588194684156023,
    0.855712806351398
  ]
}